"連番","ファイル名","投稿日","投稿時刻","表紙テキスト","フック","キャプション"
"001","001_20260321.mp4","2026/03/21","19:00","検索の罠","求人を見た後に若者がよくやること","求人を見た後に若者がよくやること

採用のやり方を見直すなら リンクの無料診断からどうぞ

#建設業採用 #採用LP #建設業 #採用担当 #中小企業採用 #採用サイト #求人"
"002","002_20260322.mp4","2026/03/22","19:00","離職の設計","残業なしで来た人が3ヶ月で辞める理由","残業なしで来た人が3ヶ月で辞める理由

採用のやり方を見直すなら リンクの無料診断からどうぞ

#建設業採用 #採用LP #建設業 #採用担当 #中小企業採用 #採用サイト #求人"
"003","003_20260323.mp4","2026/03/23","19:00","給料の限界","給料を上げても応募が増えない会社の共通点","給料を上げても応募が増えない会社の共通点

採用のやり方を見直すなら リンクの無料診断からどうぞ

#建設業採用 #採用LP #建設業 #採用担当 #中小企業採用 #採用サイト #求人"
"004","004_20260324.mp4","2026/03/24","19:00","電話の壁","お電話での問い合わせで来るのは誰ですか","お電話での問い合わせで来るのは誰ですか

採用のやり方を見直すなら リンクの無料診断からどうぞ

#建設業採用 #採用LP #建設業 #採用担当 #中小企業採用 #採用サイト #求人"
"005","005_20260325.mp4","2026/03/25","19:00","情報が消える","媒体掲載を止めると採用情報が全て消えます","媒体掲載を止めると採用情報が全て消えます

採用のやり方を見直すなら リンクの無料診断からどうぞ

#建設業採用 #採用LP #建設業 #採用担当 #中小企業採用 #採用サイト #求人"
"006","006_20260326.mp4","2026/03/26","19:00","施工実績の逆説","施工実績はあるのに採用情報がない会社が多すぎます","施工実績はあるのに採用情報がない会社が多すぎます

採用のやり方を見直すなら リンクの無料診断からどうぞ

#建設業採用 #採用LP #建設業 #採用担当 #中小企業採用 #採用サイト #求人"
"007","007_20260327.mp4","2026/03/27","19:00","建設は危険?","建設業のイメージが採用の障壁になりやすいです","建設業のイメージが採用の障壁になりやすいです

採用のやり方を見直すなら リンクの無料診断からどうぞ

#建設業採用 #採用LP #建設業 #採用担当 #中小企業採用 #採用サイト #求人"
"008","008_20260328.mp4","2026/03/28","19:00","説明の繰り返し","面接のたびに同じ説明を繰り返していませんか","面接のたびに同じ説明を繰り返していませんか

採用のやり方を見直すなら リンクの無料診断からどうぞ

#建設業採用 #採用LP #建設業 #採用担当 #中小企業採用 #採用サイト #求人"
"009","009_20260329.mp4","2026/03/29","19:00","知らない番号","若者は知らない番号には電話に出ません","若者は知らない番号には電話に出ません

採用のやり方を見直すなら リンクの無料診断からどうぞ

#建設業採用 #採用LP #建設業 #採用担当 #中小企業採用 #採用サイト #求人"
"010","010_20260330.mp4","2026/03/30","19:00","採れない採用","応募が来ているのに採用できない会社の共通点","応募が来ているのに採用できない会社の共通点

採用のやり方を見直すなら リンクの無料診断からどうぞ

#建設業採用 #採用LP #建設業 #採用担当 #中小企業採用 #採用サイト #求人"
"011","011_20260331.mp4","2026/03/31","19:00","情報隠蔽疑惑","採用ページがない会社は情報を隠していると思われがちです","採用ページがない会社は情報を隠していると思われがちです

採用のやり方を見直すなら リンクの無料診断からどうぞ

#建設業採用 #採用LP #建設業 #採用担当 #中小企業採用 #採用サイト #求人"
"012","012_20260401.mp4","2026/04/01","19:00","人が集まる理由","あの会社はなぜ人が集まるのか考えたことはありますか","あの会社はなぜ人が集まるのか考えたことはありますか

採用のやり方を見直すなら リンクの無料診断からどうぞ

#建設業採用 #採用LP #建設業 #採用担当 #中小企業採用 #採用サイト #求人"
"013","013_20260402.mp4","2026/04/02","19:00","LINE沈黙","LINE応募を導入したのに全然鳴らない会社へ","LINE応募を導入したのに全然鳴らない会社へ

採用のやり方を見直すなら リンクの無料診断からどうぞ

#建設業採用 #採用LP #建設業 #採用担当 #中小企業採用 #採用サイト #求人"
"014","014_20260403.mp4","2026/04/03","19:00","次の行動を設計","採用LPの後の行動を設計できていますか","採用LPの後の行動を設計できていますか

採用のやり方を見直すなら リンクの無料診断からどうぞ

#建設業採用 #採用LP #建設業 #採用担当 #中小企業採用 #採用サイト #求人"
"015","015_20260404.mp4","2026/04/04","19:00","人間関係の恐怖","未経験者が一番怖いのは仕事ではなく人間関係です","未経験者が一番怖いのは仕事ではなく人間関係です

採用のやり方を見直すなら リンクの無料診断からどうぞ

#建設業採用 #採用LP #建設業 #採用担当 #中小企業採用 #採用サイト #求人"
"016","016_20260405.mp4","2026/04/05","19:00","内定辞退の真相","内定辞退の本当の原因は採用側にあります","内定辞退の本当の原因は採用側にあります

採用に行き詰まっている方は お気軽にメッセージをどうぞ

#建設業採用 #採用LP #建設業 #採用担当 #中小企業採用 #採用サイト #求人"
"017","017_20260406.mp4","2026/04/06","19:00","面接の罠","よく見せようとする面接ほど離職率が上がります","よく見せようとする面接ほど離職率が上がります

採用に行き詰まっている方は お気軽にメッセージをどうぞ

#建設業採用 #採用LP #建設業 #採用担当 #中小企業採用 #採用サイト #求人"
"018","018_20260407.mp4","2026/04/07","19:00","最初に見るもの","若者が採用ページで最初に見ているもの","若者が採用ページで最初に見ているもの

採用に行き詰まっている方は お気軽にメッセージをどうぞ

#建設業採用 #採用LP #建設業 #採用担当 #中小企業採用 #採用サイト #求人"
"019","019_20260408.mp4","2026/04/08","19:00","媒体依存の代償","ハローワーク一択の会社が気づかずに失っているもの","ハローワーク一択の会社が気づかずに失っているもの

採用に行き詰まっている方は お気軽にメッセージをどうぞ

#建設業採用 #採用LP #建設業 #採用担当 #中小企業採用 #採用サイト #求人"
"020","020_20260409.mp4","2026/04/09","19:00","採用費の実態","3年分の採用費で何ができたか計算してみてください","3年分の採用費で何ができたか計算してみてください

採用に行き詰まっている方は お気軽にメッセージをどうぞ

#建設業採用 #採用LP #建設業 #採用担当 #中小企業採用 #採用サイト #求人"
"021","021_20260410.mp4","2026/04/10","19:00","フリー素材の嘘","フリー素材を採用ページに使うほど信頼を損ねやすくなります","フリー素材を採用ページに使うほど信頼を損ねやすくなります

採用に行き詰まっている方は お気軽にメッセージをどうぞ

#建設業採用 #採用LP #建設業 #採用担当 #中小企業採用 #採用サイト #求人"
"022","022_20260411.mp4","2026/04/11","19:00","奥さんの検索","内定を出した後に配偶者が会社を検索しています","内定を出した後に配偶者が会社を検索しています

採用に行き詰まっている方は お気軽にメッセージをどうぞ

#建設業採用 #採用LP #建設業 #採用担当 #中小企業採用 #採用サイト #求人"
"023","023_20260412.mp4","2026/04/12","19:00","社長の負荷","採用対応は社長がやるには負荷が大きすぎます","採用対応は社長がやるには負荷が大きすぎます

採用に行き詰まっている方は お気軽にメッセージをどうぞ

#建設業採用 #採用LP #建設業 #採用担当 #中小企業採用 #採用サイト #求人"
"024","024_20260413.mp4","2026/04/13","19:00","LINE必須","LINE応募がない会社には若手が来にくいです","LINE応募がない会社には若手が来にくいです

採用に行き詰まっている方は お気軽にメッセージをどうぞ

#建設業採用 #採用LP #建設業 #採用担当 #中小企業採用 #採用サイト #求人"
"025","025_20260414.mp4","2026/04/14","19:00","当日すっぽかし","面接当日に来ない問題の根本原因を知っていますか","面接当日に来ない問題の根本原因を知っていますか

採用に行き詰まっている方は お気軽にメッセージをどうぞ

#建設業採用 #採用LP #建設業 #採用担当 #中小企業採用 #採用サイト #求人"
"026","026_20260415.mp4","2026/04/15","19:00","2つのサイトの差","コーポレートサイトと採用専用ページは全く別物です","コーポレートサイトと採用専用ページは全く別物です

採用に行き詰まっている方は お気軽にメッセージをどうぞ

#建設業採用 #採用LP #建設業 #採用担当 #中小企業採用 #採用サイト #求人"
"027","027_20260416.mp4","2026/04/16","19:00","地方採用の差","地方でも採用できる会社とできない会社の違い","地方でも採用できる会社とできない会社の違い

採用に行き詰まっている方は お気軽にメッセージをどうぞ

#建設業採用 #採用LP #建設業 #採用担当 #中小企業採用 #採用サイト #求人"
"028","028_20260417.mp4","2026/04/17","19:00","電話からLINEへ","電話をLINEに変えたら応募が増えた理由","電話をLINEに変えたら応募が増えた理由

採用に行き詰まっている方は お気軽にメッセージをどうぞ

#建設業採用 #採用LP #建設業 #採用担当 #中小企業採用 #採用サイト #求人"
"029","029_20260418.mp4","2026/04/18","19:00","興味で終わらせない","興味で終わらせない採用LPの導線とは","興味で終わらせない採用LPの導線とは

採用に行き詰まっている方は お気軽にメッセージをどうぞ

#建設業採用 #採用LP #建設業 #採用担当 #中小企業採用 #採用サイト #求人"
"030","030_20260419.mp4","2026/04/19","19:00","OKだけでは来ない","未経験OKと書くだけでは応募が来ない理由があります","未経験OKと書くだけでは応募が来ない理由があります

採用に行き詰まっている方は お気軽にメッセージをどうぞ

#建設業採用 #採用LP #建設業 #採用担当 #中小企業採用 #採用サイト #求人"
"031","031_20260420.mp4","2026/04/20","19:00","比較の現実","同じ条件なのに他社に人を奪われる理由","同じ条件なのに他社に人を奪われる理由

自社の採用力がわかる 無料診断はプロフィールから

#建設業採用 #採用LP #建設業 #採用担当 #中小企業採用 #採用サイト #求人"
"032","032_20260421.mp4","2026/04/21","19:00","話が違う","聞いていた話と違う原因は採用ページの設計ミスです","聞いていた話と違う原因は採用ページの設計ミスです

自社の採用力がわかる 無料診断はプロフィールから

#建設業採用 #採用LP #建設業 #採用担当 #中小企業採用 #採用サイト #求人"
"033","033_20260422.mp4","2026/04/22","19:00","顔写真の力","先輩の顔写真1枚が応募数を左右することがあります","先輩の顔写真1枚が応募数を左右することがあります

自社の採用力がわかる 無料診断はプロフィールから

#建設業採用 #採用LP #建設業 #採用担当 #中小企業採用 #採用サイト #求人"
"034","034_20260423.mp4","2026/04/23","19:00","紹介の限界","知り合いからの紹介で人が採れなくなってきた会社へ","知り合いからの紹介で人が採れなくなってきた会社へ

自社の採用力がわかる 無料診断はプロフィールから

#建設業採用 #採用LP #建設業 #採用担当 #中小企業採用 #採用サイト #求人"
"035","035_20260424.mp4","2026/04/24","19:00","24時間説明会","採用LPは社長の代わりに24時間働く説明会です","採用LPは社長の代わりに24時間働く説明会です

自社の採用力がわかる 無料診断はプロフィールから

#建設業採用 #採用LP #建設業 #採用担当 #中小企業採用 #採用サイト #求人"
"036","036_20260425.mp4","2026/04/25","19:00","泥だらけの魅力","泥だらけの現場写真が採用で強い理由を知っていますか","泥だらけの現場写真が採用で強い理由を知っていますか

自社の採用力がわかる 無料診断はプロフィールから

#建設業採用 #採用LP #建設業 #採用担当 #中小企業採用 #採用サイト #求人"
"037","037_20260426.mp4","2026/04/26","19:00","安全の証明","安全情報がない採用ページは信頼されにくくなります","安全情報がない採用ページは信頼されにくくなります

自社の採用力がわかる 無料診断はプロフィールから

#建設業採用 #採用LP #建設業 #採用担当 #中小企業採用 #採用サイト #求人"
"038","038_20260427.mp4","2026/04/27","19:00","電話の時間","電話の採用対応に何時間かけていますか","電話の採用対応に何時間かけていますか

自社の採用力がわかる 無料診断はプロフィールから

#建設業採用 #採用LP #建設業 #採用担当 #中小企業採用 #採用サイト #求人"
"039","039_20260428.mp4","2026/04/28","19:00","動画の効果","動画がない採用ページは実態が見えないと思われがちです","動画がない採用ページは実態が見えないと思われがちです

自社の採用力がわかる 無料診断はプロフィールから

#建設業採用 #採用LP #建設業 #採用担当 #中小企業採用 #採用サイト #求人"
"040","040_20260429.mp4","2026/04/29","19:00","対応コストの盲点","志望度の低い応募者に対応するコストを計算しましたか","志望度の低い応募者に対応するコストを計算しましたか

自社の採用力がわかる 無料診断はプロフィールから

#建設業採用 #採用LP #建設業 #採用担当 #中小企業採用 #採用サイト #求人"
"041","041_20260430.mp4","2026/04/30","19:00","ページで変わる応募","採用ページがあるかどうかで応募数に影響します","採用ページがあるかどうかで応募数に影響します

自社の採用力がわかる 無料診断はプロフィールから

#建設業採用 #採用LP #建設業 #採用担当 #中小企業採用 #採用サイト #求人"
"042","042_20260501.mp4","2026/05/01","19:00","大手との戦い方","大手と同じ土俵で条件勝負をすると勝ちにくくなります","大手と同じ土俵で条件勝負をすると勝ちにくくなります

自社の採用力がわかる 無料診断はプロフィールから

#建設業採用 #採用LP #建設業 #採用担当 #中小企業採用 #採用サイト #求人"
"043","043_20260502.mp4","2026/05/02","19:00","窓口とLPの連携","LINEだけ、採用LPだけでは採用は変わりにくいです","LINEだけ、採用LPだけでは採用は変わりにくいです

自社の採用力がわかる 無料診断はプロフィールから

#建設業採用 #採用LP #建設業 #採用担当 #中小企業採用 #採用サイト #求人"
"044","044_20260503.mp4","2026/05/03","19:00","ハードルを下げる","応募ボタンを押す心理的ハードルを下げる3つの要素","応募ボタンを押す心理的ハードルを下げる3つの要素

自社の採用力がわかる 無料診断はプロフィールから

#建設業採用 #採用LP #建設業 #採用担当 #中小企業採用 #採用サイト #求人"
"045","045_20260504.mp4","2026/05/04","19:00","家族の心配","未経験者の家族が心配することを知っていますか","未経験者の家族が心配することを知っていますか

自社の採用力がわかる 無料診断はプロフィールから

#建設業採用 #採用LP #建設業 #採用担当 #中小企業採用 #採用サイト #求人"
"046","046_20260505.mp4","2026/05/05","19:00","スマホの壁","PCで作ったHPはスマホで読まれていません","PCで作ったHPはスマホで読まれていません

まずは採用ページを見直して 質問はメッセージでどうぞ

#建設業採用 #採用LP #建設業 #採用担当 #中小企業採用 #採用サイト #求人"
"047","047_20260506.mp4","2026/05/06","19:00","初日の落胆","入社初日の落胆をなくすためにできること","入社初日の落胆をなくすためにできること

まずは採用ページを見直して 質問はメッセージでどうぞ

#建設業採用 #採用LP #建設業 #採用担当 #中小企業採用 #採用サイト #求人"
"048","048_20260507.mp4","2026/05/07","19:00","怖い先輩問題","「怖い先輩がいないか」を確認してから応募しています","「怖い先輩がいないか」を確認してから応募しています

まずは採用ページを見直して 質問はメッセージでどうぞ

#建設業採用 #採用LP #建設業 #採用担当 #中小企業採用 #採用サイト #求人"
"049","049_20260508.mp4","2026/05/08","19:00","郵送の非常識","履歴書郵送を求める会社に若手は応募しません","履歴書郵送を求める会社に若手は応募しません

まずは採用ページを見直して 質問はメッセージでどうぞ

#建設業採用 #採用LP #建設業 #採用担当 #中小企業採用 #採用サイト #求人"
"050","050_20260509.mp4","2026/05/09","19:00","ゼロリセット","毎月採用活動をゼロから始めていませんか","毎月採用活動をゼロから始めていませんか

まずは採用ページを見直して 質問はメッセージでどうぞ

#建設業採用 #採用LP #建設業 #採用担当 #中小企業採用 #採用サイト #求人"
"051","051_20260510.mp4","2026/05/10","19:00","一日の流れ","一日の流れを見せることで応募者の質に影響します","一日の流れを見せることで応募者の質に影響します

まずは採用ページを見直して 質問はメッセージでどうぞ

#建設業採用 #採用LP #建設業 #採用担当 #中小企業採用 #採用サイト #求人"
"052","052_20260511.mp4","2026/05/11","19:00","親御さんの安心","親御さんを安心させる情報が採用ページにありますか","親御さんを安心させる情報が採用ページにありますか

まずは採用ページを見直して 質問はメッセージでどうぞ

#建設業採用 #採用LP #建設業 #採用担当 #中小企業採用 #採用サイト #求人"
"053","053_20260512.mp4","2026/05/12","19:00","受動的採用","「いい人が来たら採る」は採用を手放している証拠です","「いい人が来たら採る」は採用を手放している証拠です

まずは採用ページを見直して 質問はメッセージでどうぞ

#建設業採用 #採用LP #建設業 #採用担当 #中小企業採用 #採用サイト #求人"
"054","054_20260513.mp4","2026/05/13","19:00","応募ボタンの迷子","応募ボタンが探しにくい会社は毎日機会を失っています","応募ボタンが探しにくい会社は毎日機会を失っています

まずは採用ページを見直して 質問はメッセージでどうぞ

#建設業採用 #採用LP #建設業 #採用担当 #中小企業採用 #採用サイト #求人"
"055","055_20260514.mp4","2026/05/14","19:00","即離職の種","「とりあえず採用」した人がどうなるか想像できますか","「とりあえず採用」した人がどうなるか想像できますか

まずは採用ページを見直して 質問はメッセージでどうぞ

#建設業採用 #採用LP #建設業 #採用担当 #中小企業採用 #採用サイト #求人"
"056","056_20260515.mp4","2026/05/15","19:00","ライバルの強み","ライバル会社が採用LPを持ったとき何が変わりますか","ライバル会社が採用LPを持ったとき何が変わりますか

まずは採用ページを見直して 質問はメッセージでどうぞ

#建設業採用 #採用LP #建設業 #採用担当 #中小企業採用 #採用サイト #求人"
"057","057_20260516.mp4","2026/05/16","19:00","同条件の差","同じ地域・同じ条件なのに採用実績に差が出る理由","同じ地域・同じ条件なのに採用実績に差が出る理由

まずは採用ページを見直して 質問はメッセージでどうぞ

#建設業採用 #採用LP #建設業 #採用担当 #中小企業採用 #採用サイト #求人"
"058","058_20260517.mp4","2026/05/17","19:00","深夜の応募","夜中に応募が来る仕組みを持っていますか","夜中に応募が来る仕組みを持っていますか

まずは採用ページを見直して 質問はメッセージでどうぞ

#建設業採用 #採用LP #建設業 #採用担当 #中小企業採用 #採用サイト #求人"
"059","059_20260518.mp4","2026/05/18","19:00","話だけ聞きたい","「話だけ聞きたい人」の入口はありますか","「話だけ聞きたい人」の入口はありますか

まずは採用ページを見直して 質問はメッセージでどうぞ

#建設業採用 #採用LP #建設業 #採用担当 #中小企業採用 #採用サイト #求人"
"060","060_20260519.mp4","2026/05/19","19:00","成長の地図","入社後の成長ステップを見せると応募行動に影響します","入社後の成長ステップを見せると応募行動に影響します

まずは採用ページを見直して 質問はメッセージでどうぞ

#建設業採用 #採用LP #建設業 #採用担当 #中小企業採用 #採用サイト #求人"
"061","061_20260520.mp4","2026/05/20","19:00","SNS不一致","InstagramとHPがズレると信頼が落ちます","InstagramとHPがズレると信頼が落ちます

採用ページに関するご相談は いつでもメッセージをどうぞ

#建設業採用 #採用LP #建設業 #採用担当 #中小企業採用 #採用サイト #求人"
"062","062_20260521.mp4","2026/05/21","19:00","正直が勝つ","キツい面を正直に書いた会社の方が定着率が上がります","キツい面を正直に書いた会社の方が定着率が上がります

採用ページに関するご相談は いつでもメッセージをどうぞ

#建設業採用 #採用LP #建設業 #採用担当 #中小企業採用 #採用サイト #求人"
"063","063_20260522.mp4","2026/05/22","19:00","家族の安心","家族が安心するためにどんな情報が必要ですか","家族が安心するためにどんな情報が必要ですか

採用ページに関するご相談は いつでもメッセージをどうぞ

#建設業採用 #採用LP #建設業 #採用担当 #中小企業採用 #採用サイト #求人"
"064","064_20260523.mp4","2026/05/23","19:00","採用の行き詰まり","Word求人票を使う会社は採用が難航しやすいです","Word求人票を使う会社は採用が難航しやすいです

採用ページに関するご相談は いつでもメッセージをどうぞ

#建設業採用 #採用LP #建設業 #採用担当 #中小企業採用 #採用サイト #求人"
"065","065_20260524.mp4","2026/05/24","19:00","採用の副業化","採用活動が社長の副業になっていませんか","採用活動が社長の副業になっていませんか

採用ページに関するご相談は いつでもメッセージをどうぞ

#建設業採用 #採用LP #建設業 #採用担当 #中小企業採用 #採用サイト #求人"
"066","066_20260525.mp4","2026/05/25","19:00","採用目的の撮影","採用用の現場写真を撮ったことがありますか","採用用の現場写真を撮ったことがありますか

採用ページに関するご相談は いつでもメッセージをどうぞ

#建設業採用 #採用LP #建設業 #採用担当 #中小企業採用 #採用サイト #求人"
"067","067_20260526.mp4","2026/05/26","19:00","辞退の真相","内定辞退の本当の原因が家族にあると知っていますか","内定辞退の本当の原因が家族にあると知っていますか

採用ページに関するご相談は いつでもメッセージをどうぞ

#建設業採用 #採用LP #建設業 #採用担当 #中小企業採用 #採用サイト #求人"
"068","068_20260527.mp4","2026/05/27","19:00","面接の質が変わる","採用LPがあると面接の中身が変わります","採用LPがあると面接の中身が変わります

採用ページに関するご相談は いつでもメッセージをどうぞ

#建設業採用 #採用LP #建設業 #採用担当 #中小企業採用 #採用サイト #求人"
"069","069_20260528.mp4","2026/05/28","19:00","口コミ確認","応募前に口コミサイトを確認する傾向があります","応募前に口コミサイトを確認する傾向があります

採用ページに関するご相談は いつでもメッセージをどうぞ

#建設業採用 #採用LP #建設業 #採用担当 #中小企業採用 #採用サイト #求人"
"070","070_20260529.mp4","2026/05/29","19:00","フィルターの設計","本気の応募者だけを集めるフィルターが採用LPです","本気の応募者だけを集めるフィルターが採用LPです

採用ページに関するご相談は いつでもメッセージをどうぞ

#建設業採用 #採用LP #建設業 #採用担当 #中小企業採用 #採用サイト #求人"
"071","071_20260530.mp4","2026/05/30","19:00","ページの品質","採用ページのクオリティが会社のレベルだと思われます","採用ページのクオリティが会社のレベルだと思われます

採用ページに関するご相談は いつでもメッセージをどうぞ

#建設業採用 #採用LP #建設業 #採用担当 #中小企業採用 #採用サイト #求人"
"072","072_20260531.mp4","2026/05/31","19:00","強い会社の発信","採用が強い会社は何を発信しているか知っていますか","採用が強い会社は何を発信しているか知っていますか

採用ページに関するご相談は いつでもメッセージをどうぞ

#建設業採用 #採用LP #建設業 #採用担当 #中小企業採用 #採用サイト #求人"
"073","073_20260601.mp4","2026/06/01","19:00","自動返信の安心","LINE応募に自動返信があると応募率が上がります","LINE応募に自動返信があると応募率が上がります

採用ページに関するご相談は いつでもメッセージをどうぞ

#建設業採用 #採用LP #建設業 #採用担当 #中小企業採用 #採用サイト #求人"
"074","074_20260602.mp4","2026/06/02","19:00","面接まで離脱させない","連絡後に求職者を離脱させない仕組みはありますか","連絡後に求職者を離脱させない仕組みはありますか

採用ページに関するご相談は いつでもメッセージをどうぞ

#建設業採用 #採用LP #建設業 #採用担当 #中小企業採用 #採用サイト #求人"
"075","075_20260603.mp4","2026/06/03","19:00","大丈夫の条件","未経験者が大丈夫と思う採用ページの条件","未経験者が大丈夫と思う採用ページの条件

採用ページに関するご相談は いつでもメッセージをどうぞ

#建設業採用 #採用LP #建設業 #採用担当 #中小企業採用 #採用サイト #求人"
"076","076_20260604.mp4","2026/06/04","19:00","信頼のタイミング","応募ボタンを押す前に信頼はほぼ決まっています","応募ボタンを押す前に信頼はほぼ決まっています

具体的な改善のステップは メッセージでご質問ください

#建設業採用 #採用LP #建設業 #採用担当 #中小企業採用 #採用サイト #求人"
"077","077_20260605.mp4","2026/06/05","19:00","再採用コスト","ミスマッチ採用のコストは採用費だけではありません","ミスマッチ採用のコストは採用費だけではありません

具体的な改善のステップは メッセージでご質問ください

#建設業採用 #採用LP #建設業 #採用担当 #中小企業採用 #採用サイト #求人"
"078","078_20260606.mp4","2026/06/06","19:00","視覚の信頼","信頼を視覚で作れている会社はどれだけありますか","信頼を視覚で作れている会社はどれだけありますか

具体的な改善のステップは メッセージでご質問ください

#建設業採用 #採用LP #建設業 #採用担当 #中小企業採用 #採用サイト #求人"
"079","079_20260607.mp4","2026/06/07","19:00","採用の化石","採用活動だけ20年前のままになっていませんか","採用活動だけ20年前のままになっていませんか

具体的な改善のステップは メッセージでご質問ください

#建設業採用 #採用LP #建設業 #採用担当 #中小企業採用 #採用サイト #求人"
"080","080_20260608.mp4","2026/06/08","19:00","育つインフラ","来年も機能し続ける採用インフラを持っていますか","来年も機能し続ける採用インフラを持っていますか

具体的な改善のステップは メッセージでご質問ください

#建設業採用 #採用LP #建設業 #採用担当 #中小企業採用 #採用サイト #求人"
"081","081_20260609.mp4","2026/06/09","19:00","顔のない求人","職人の顔がない求人に未経験者は来にくいです","職人の顔がない求人に未経験者は来にくいです

具体的な改善のステップは メッセージでご質問ください

#建設業採用 #採用LP #建設業 #採用担当 #中小企業採用 #採用サイト #求人"
"082","082_20260610.mp4","2026/06/10","19:00","家族も読むLP","採用LPは求職者だけでなく家族も読んでいます","採用LPは求職者だけでなく家族も読んでいます

具体的な改善のステップは メッセージでご質問ください

#建設業採用 #採用LP #建設業 #採用担当 #中小企業採用 #採用サイト #求人"
"083","083_20260611.mp4","2026/06/11","19:00","現場に集中","採用に手が取られて現場に集中できていますか","採用に手が取られて現場に集中できていますか

具体的な改善のステップは メッセージでご質問ください

#建設業採用 #採用LP #建設業 #採用担当 #中小企業採用 #採用サイト #求人"
"084","084_20260612.mp4","2026/06/12","19:00","発見されていない","若者がいないのではなく見つけられていないだけです","若者がいないのではなく見つけられていないだけです

具体的な改善のステップは メッセージでご質問ください

#建設業採用 #採用LP #建設業 #採用担当 #中小企業採用 #採用サイト #求人"
"085","085_20260613.mp4","2026/06/13","19:00","理念で集める","自社の理念を読んでから来る応募者はまったく違います","自社の理念を読んでから来る応募者はまったく違います

具体的な改善のステップは メッセージでご質問ください

#建設業採用 #採用LP #建設業 #採用担当 #中小企業採用 #採用サイト #求人"
"086","086_20260614.mp4","2026/06/14","19:00","手紙としてのLP","採用ページは求職者への手紙です","採用ページは求職者への手紙です

具体的な改善のステップは メッセージでご質問ください

#建設業採用 #採用LP #建設業 #採用担当 #中小企業採用 #採用サイト #求人"
"087","087_20260615.mp4","2026/06/15","19:00","知名度は言い訳","「知名度がないから採れない」は言い訳になりがちです","「知名度がないから採れない」は言い訳になりがちです

具体的な改善のステップは メッセージでご質問ください

#建設業採用 #採用LP #建設業 #採用担当 #中小企業採用 #採用サイト #求人"
"088","088_20260616.mp4","2026/06/16","19:00","窓口がない損失","デジタルな問い合わせ窓口がない会社が失っているもの","デジタルな問い合わせ窓口がない会社が失っているもの

具体的な改善のステップは メッセージでご質問ください

#建設業採用 #採用LP #建設業 #採用担当 #中小企業採用 #採用サイト #求人"
"089","089_20260617.mp4","2026/06/17","19:00","転換率の鉄則","採用LPの転換率を上げる3つの鉄則があります","採用LPの転換率を上げる3つの鉄則があります

具体的な改善のステップは メッセージでご質問ください

#建設業採用 #採用LP #建設業 #採用担当 #中小企業採用 #採用サイト #求人"
"090","090_20260618.mp4","2026/06/18","19:00","定着の準備","未経験者を定着させる会社が採用前にやっていること","未経験者を定着させる会社が採用前にやっていること

具体的な改善のステップは メッセージでご質問ください

#建設業採用 #採用LP #建設業 #採用担当 #中小企業採用 #採用サイト #求人"
